Response-request gap (ms),Request proc. time,Receive-send gap,Client lifespan
0,2.69758073,9.298184255,1891.5
10,2.82160441,6.2853108575,2331.75
20,2.775679505,5.5011104875,3133.25
30,2.8408684550000003,5.177878815000001,4046.0
40,2.8815731475,5.2154541225,5077.75
50,2.9715912075,5.541547302500001,6162.75
60,2.9621741525,5.263403230000001,7082.0
70,2.9112591875,4.99274192,8028.75
80,3.08198812,5.7322845425,9577.5
90,2.9734197875,5.3024679075,10070.75
100,2.8755934375,5.1449302425,11032.75
