Response-request gap (ms),Request proc. time,Receive-send gap,Client lifespan
0,2.3286647400000002,8.66634536,1802.25
10,2.73923737,5.9512481775,2342.25
20,2.779157745,5.37069641,3109.75
30,2.8620973624999997,5.11461059,4037.5
40,2.934599805,5.176500955,5039.25
50,2.9536352725,5.126278905,6039.0
60,2.97914929,5.1383490475,7033.75
70,3.0116752124999997,5.3888545,8090.5
80,2.9792519175,5.1393242374999994,9145.0
90,3.0659240750000003,6.208008475,11019.5
100,2.9669283675,5.13542891,11018.0
