Response-request gap (ms),Request proc. time,Receive-send gap,Client lifespan
0,1.5020986825,5.1885301725,2402.5
10,1.5048719575,4.380667545,2683.5
20,1.52125607,3.7956205475,3342.5
30,1.6714746475,3.5962008775,4209.75
40,1.935232405,3.8310071875,5287.25
50,2.1946361075,4.20750288,6315.75
60,2.1219845275,3.9170506150000004,7204.0
70,2.159178875,4.224588730000001,8297.75
80,1.810598415,3.6581946349999996,9189.5
90,2.3817611175,4.258559042500001,10305.75
100,2.7156056775,4.69750405,11289.25
